confid,dist_name,params
1_hour_0,powerlognorm,"[0.29309301385709424, 0.5146122043060619, -0.04455179712503501, 0.1585461470971944]"
1_hour_1,powerlognorm,"[0.18125375200983423, 0.39117434720244115, -0.04419521059642204, 0.1140510486013047]"
1_hour_2,powerlognorm,"[0.20835880384288424, 0.38542613836772033, -0.042951593459996204, 0.11203836232861404]"
1_hour_3,powerlognorm,"[0.2238421127451935, 0.38237273546302797, -0.042590836382247, 0.11205618299145112]"
1_hour_4,powerlognorm,"[0.21816525941614684, 0.3790841010797844, -0.040203966770013325, 0.1083954920068146]"
1_hour_5,powerlognorm,"[0.2094252413955336, 0.38332838125300045, -0.04218854652954973, 0.11120676099670346]"
1_hour_6,powerlognorm,"[0.19922351750485678, 0.3991859555492329, -0.04967691851413431, 0.12887439580380194]"
1_hour_7,powerlognorm,"[0.18942090870056183, 0.4007283203072757, -0.06557956314783993, 0.17244440690934504]"
1_hour_8,powerlognorm,"[0.23074886155814475, 0.4113541052437153, -0.08872305457963003, 0.23818173030587836]"
1_hour_9,powerlognorm,"[0.22910889801651554, 0.42663829650901086, -0.08268619109114325, 0.2261023006928668]"
1_hour_10,powerlognorm,"[0.5554911742118649, 0.6804891502898358, -0.04488190909370886, 0.27433958439259953]"
1_hour_11,lognorm,"[0.8975551915210112, -0.028349808988898502, 0.374555388851181]"
1_hour_12,lognorm,"[0.8956351396224469, -0.029107960284835283, 0.37684034108647246]"
1_hour_13,lognorm,"[0.8879712237743032, -0.030337068979706686, 0.3912708635921345]"
1_hour_14,lognorm,"[0.8741868321923257, -0.030809141705448247, 0.38333733691241756]"
1_hour_15,powerlognorm,"[0.5072361360641139, 0.6481291691852602, -0.049839823985123745, 0.2687377402985935]"
1_hour_16,lognorm,"[0.7952835762963653, -0.05337637506064501, 0.4977829144039282]"
1_hour_17,lognorm,"[0.703968049604162, -0.10676153196010006, 0.7079250683861369]"
1_hour_18,lognorm,"[0.6412545633331586, -0.15650196621851364, 0.8555424046494919]"
1_hour_19,lognorm,"[0.6182977781229364, -0.16591871049448545, 0.8719746183463046]"
1_hour_20,lognorm,"[0.5962350061056338, -0.15809996243263913, 0.8165944102707894]"
1_hour_21,powerlognorm,"[0.4736459473524144, 0.4176821707242283, -0.2132693382197131, 0.6129694212682592]"
1_hour_22,powerlognorm,"[0.6479657164349891, 0.49210946870696853, -0.1631167390365917, 0.5818692132473977]"
1_hour_23,powerlognorm,"[4.791032900871887, 1.2075547824176753, -0.02829028169930988, 1.6241255180436664]"
2_hour_0,powerlognorm,"[0.16914309419651813, 0.40010405078458494, -0.05257927755107614, 0.13255881807288297]"
2_hour_1,powerlognorm,"[0.18186266218042368, 0.38981779095818747, -0.04267098275119606, 0.11119761521894961]"
2_hour_2,powerlognorm,"[0.14007234322223971, 0.3176403780192453, -0.04850467522244062, 0.10360266245938038]"
2_hour_3,powerlognorm,"[0.22070951379981557, 0.3840838212850337, -0.04094047268854652, 0.10878498953939202]"
2_hour_4,powerlognorm,"[0.21604216178547403, 0.3822753692852208, -0.039003473603118344, 0.10640032552263293]"
2_hour_5,powerlognorm,"[0.13209875538678223, 0.3182319777282837, -0.04715913719535829, 0.1002167975526222]"
2_hour_6,powerlognorm,"[0.187759730128379, 0.39441741958314225, -0.0473142322720314, 0.12451857860961563]"
2_hour_7,powerlognorm,"[0.17796504315335876, 0.3974339724396556, -0.06354580679472825, 0.166595326233402]"
2_hour_8,powerlognorm,"[0.20473552426357486, 0.39521620212843056, -0.08779732142670565, 0.2286285588942103]"
2_hour_9,powerlognorm,"[0.20312662089385553, 0.41029358593115073, -0.08363485624684971, 0.21607016500411536]"
2_hour_10,lognorm,"[0.8528876283446329, -0.034243331499964766, 0.39233870050326014]"
2_hour_11,powerlognorm,"[0.2850414876251167, 0.5397462507916271, -0.05238986539469249, 0.18627506075198752]"
2_hour_12,powerlognorm,"[0.3783443063595533, 0.6143124240153017, -0.046982433114183896, 0.20687457432867948]"
2_hour_13,powerlognorm,"[0.5074019467386574, 0.679600920329783, -0.04473977834286694, 0.25180203698059833]"
2_hour_14,powerlognorm,"[0.24621756024845304, 0.49372305623435037, -0.05947218890219419, 0.18500244707657335]"
2_hour_15,powerlognorm,"[0.26687848858242225, 0.4949190053675099, -0.06386738431784629, 0.19991012650468093]"
2_hour_16,powerlognorm,"[0.2720391976807719, 0.47605776904719804, -0.0771782300335154, 0.23940453471612153]"
2_hour_17,lognorm,"[0.7546074444884322, -0.06845543457920064, 0.5801650356883642]"
2_hour_18,lognorm,"[0.6751253045315417, -0.1289696776364146, 0.7952091059512889]"
2_hour_19,lognorm,"[0.6374108742506799, -0.14505085371830406, 0.8366635409500165]"
2_hour_20,powerlognorm,"[0.44604581013334077, 0.43480948763242283, -0.2013364006505572, 0.6011037246385689]"
2_hour_21,powerlognorm,"[0.35110699245785965, 0.38386950183506896, -0.20258782819963347, 0.5345089627219823]"
2_hour_22,powerlognorm,"[0.39819912143223635, 0.4052444383639551, -0.18017122638952454, 0.4911149047235028]"
2_hour_23,lognorm,"[0.7436599471372061, -0.05378875385723661, 0.4366427673284993]"
3_hour_0,powerlognorm,"[0.14822507045474365, 0.3860586615083119, -0.048604983449770885, 0.12369717044374681]"
3_hour_1,powerlognorm,"[0.16571902487352397, 0.38509620382228216, -0.0392855098442107, 0.10505761437747675]"
3_hour_2,powerlognorm,"[0.18283068615347675, 0.3815138666957456, -0.036843565130381235, 0.10045994642597869]"
3_hour_3,powerlognorm,"[0.1970261115357011, 0.38065022178554314, -0.03734730407807265, 0.10176127303988383]"
3_hour_4,powerlognorm,"[0.18581955987290016, 0.3790948706843711, -0.034423218142608375, 0.09645877977917208]"
3_hour_5,powerlognorm,"[0.1788545084893347, 0.37830397881126787, -0.03687093878203388, 0.1011108735113729]"
3_hour_6,powerlognorm,"[0.1780407480865566, 0.3880119631043574, -0.04623585442127194, 0.1246532549400006]"
3_hour_7,powerlognorm,"[0.18172318072585494, 0.39457942075691255, -0.06301178421566425, 0.17061986426345793]"
3_hour_8,powerlognorm,"[0.2132771727458655, 0.4028496381406161, -0.08581651766739973, 0.22661228699591163]"
3_hour_9,powerlognorm,"[0.19984834800627324, 0.4129415013834594, -0.08000058227732494, 0.20883275247669889]"
3_hour_10,powerlognorm,"[0.2106570280858973, 0.4579724354980449, -0.06344024307783269, 0.1824717948563463]"
3_hour_11,powerlognorm,"[0.2916695078530115, 0.5577855913126, -0.04872170164776278, 0.18299755460313133]"
3_hour_12,powerlognorm,"[0.4555590708684159, 0.6768411636002789, -0.03849430052238495, 0.22053410940027457]"
3_hour_13,powerlognorm,"[0.36104987197163885, 0.5961097684917889, -0.04788834669105836, 0.21325904791849482]"
3_hour_14,lognorm,"[0.8871492755226763, -0.02849551135363805, 0.3753526246258351]"
3_hour_15,powerlognorm,"[0.22065358763021536, 0.45846654789723695, -0.06425948912498225, 0.18724671276950083]"
3_hour_16,powerlognorm,"[0.31930146805678417, 0.5124362873549003, -0.06871153313574246, 0.24693891662571982]"
3_hour_17,powerlognorm,"[0.490351409857934, 0.5875733171850006, -0.07808337364445622, 0.36290399438338006]"
3_hour_18,lognorm,"[0.7313682085652954, -0.08739159067334173, 0.6807434439044796]"
3_hour_19,lognorm,"[0.6577613314744999, -0.13315395719318932, 0.8185753304079983]"
3_hour_20,lognorm,"[0.6285910032658429, -0.1282405041789717, 0.7753590889281485]"
3_hour_21,lognorm,"[0.6154369405012976, -0.12474301134623988, 0.7384451615117471]"
3_hour_22,powerlognorm,"[0.5172804676466757, 0.4836047096349323, -0.1427142631714727, 0.49500015054844615]"
3_hour_23,lognorm,"[0.7826865822362568, -0.04322653147067522, 0.420430354199224]"
4_hour_0,powerlognorm,"[0.1801224252950258, 0.36584967571157223, -0.04315428292147759, 0.1151301443015204]"
4_hour_1,powerlognorm,"[0.20987485041152126, 0.3626039657246117, -0.04183844263241855, 0.11356445614289742]"
4_hour_2,powerlognorm,"[0.22571654842407277, 0.3579332762617314, -0.041702795453112895, 0.11474524287022131]"
4_hour_3,powerlognorm,"[0.22245268618357134, 0.35964509481835694, -0.03921433903413235, 0.11063995909965012]"
4_hour_4,powerlognorm,"[0.2103564267553784, 0.36604714061161336, -0.039324104007856506, 0.1103420907296151]"
4_hour_5,powerlognorm,"[0.19362330442929765, 0.3739034542878368, -0.046974605651919805, 0.12459134214061246]"
4_hour_6,powerlognorm,"[0.2131113842114657, 0.3943055806393858, -0.0603406438327235, 0.167443645229105]"
4_hour_7,powerlognorm,"[0.254541698907466, 0.4033032393543323, -0.0833004002784567, 0.22919081528182708]"
4_hour_8,powerlognorm,"[0.21019767645880494, 0.4007941819373473, -0.07606849217459558, 0.20246192585014955]"
4_hour_9,powerlognorm,"[0.38274164545783984, 0.562911445141692, -0.05035835789818441, 0.21572218765798923]"
4_hour_10,powerlognorm,"[0.4081467949378366, 0.6167967015177398, -0.03900951678180944, 0.19934591135520865]"
4_hour_11,powerlognorm,"[0.28031550902208763, 0.5196163651337733, -0.0488384254358948, 0.1742886980346638]"
4_hour_12,powerlognorm,"[0.24603870566625222, 0.4786369310415625, -0.05494984401784659, 0.17660500479424918]"
4_hour_13,powerlognorm,"[0.20381055975575238, 0.42801768787241623, -0.06073752804060669, 0.16569886826349606]"
4_hour_14,powerlognorm,"[0.23796545533603303, 0.4443815088456383, -0.06229203177022179, 0.17750114322879706]"
4_hour_15,powerlognorm,"[0.273666375732354, 0.4572597909925922, -0.06719419623749162, 0.2068109038161081]"
4_hour_16,powerlognorm,"[0.3903702268806177, 0.5291353118296218, -0.06548703388957092, 0.268504615575877]"
4_hour_17,lognorm,"[0.7680989125527539, -0.0463167913461118, 0.4900115473702266]"
4_hour_18,lognorm,"[0.7404577530311978, -0.05186254654536311, 0.5322025113606481]"
4_hour_19,lognorm,"[0.6708713824361154, -0.08062437982943216, 0.6068385623039645]"
4_hour_20,powerlognorm,"[0.9670118411150539, 0.6006743198022987, -0.11280556346379454, 0.6627074094024326]"
4_hour_21,lognorm,"[0.5970235264028053, -0.10787128155098806, 0.6178382074260855]"
4_hour_22,powerlognorm,"[2.453539412910958, 1.003911742510764, -0.024424957867652763, 0.7883940243213138]"
4_hour_23,powerlognorm,"[0.12931944484344166, 0.3359922362151494, -0.05563530826794583, 0.12872823458187668]"
5_hour_0,powerlognorm,"[0.21630232948862627, 0.36606224952484107, -0.048575475542691385, 0.1272359867192571]"
5_hour_1,powerlognorm,"[0.27306031759510163, 0.3614546717473811, -0.05124849476759215, 0.1340186631716294]"
5_hour_2,lognorm,"[0.6099452116184307, -0.028959020735097325, 0.19448422837753399]"
5_hour_3,powerlognorm,"[0.27752326006911754, 0.3547745100060996, -0.04724783869342326, 0.12780338170335015]"
5_hour_4,powerlognorm,"[0.2774203615551118, 0.3620068195784275, -0.04912381180500822, 0.13180050253996206]"
5_hour_5,lognorm,"[0.6922330845777436, -0.02712530151667434, 0.22570218065533815]"
5_hour_6,powerlognorm,"[0.21424557772438063, 0.38791347455400643, -0.06144535927473603, 0.16124635060355944]"
5_hour_7,powerlognorm,"[0.285418918170382, 0.4172252733940697, -0.08225822068524126, 0.2238609335701994]"
5_hour_8,powerlognorm,"[0.24312600073540905, 0.41753975324849346, -0.07291251988109076, 0.1984671593925344]"
5_hour_9,powerlognorm,"[0.22539006937918146, 0.44050785637035506, -0.05960488557156405, 0.1683523194444343]"
5_hour_10,powerlognorm,"[0.18349061618380091, 0.41585395966052885, -0.056530725750115446, 0.1482863903590924]"
5_hour_11,lognorm,"[0.8337435460564333, -0.027266049604279186, 0.31283668055899005]"
5_hour_12,powerlognorm,"[0.21112557579220648, 0.42041836354124834, -0.06367919383926483, 0.16921753737174966]"
5_hour_13,powerlognorm,"[0.20609379308365397, 0.40971220801520714, -0.06393103220529979, 0.1650526486675061]"
5_hour_14,powerlognorm,"[0.22814921651493691, 0.4201058945277383, -0.06328593524034799, 0.17008860605975845]"
5_hour_15,lognorm,"[0.7798372530410613, -0.03500342541926842, 0.3392929223363337]"
5_hour_16,lognorm,"[0.7764326788871414, -0.03935481128025177, 0.3889063413149675]"
5_hour_17,lognorm,"[0.7626234925437234, -0.047341058501151424, 0.44657710174796844]"
5_hour_18,lognorm,"[0.7341001740936597, -0.05495603026772354, 0.47947230218795145]"
5_hour_19,lognorm,"[0.6862118469010041, -0.06668566945585136, 0.4992708963585091]"
5_hour_20,powerlognorm,"[1.5880103284326976, 0.7429937934119183, -0.07414269821757066, 0.7286059529801999]"
5_hour_21,powerlognorm,"[2.0036732639380874, 0.7765400656136625, -0.07479258697024253, 0.8342687052760922]"
5_hour_22,lognorm,"[0.7105493891174388, -0.049269092609484706, 0.3975003369066805]"
5_hour_23,powerlognorm,"[0.16779854621858092, 0.3525920826100298, -0.06067489154132299, 0.14288777921303503]"
6_hour_0,powerlognorm,"[0.2199246921818661, 0.36685772710435255, -0.04785813399996684, 0.1288427814693623]"
6_hour_1,lognorm,"[0.6474518183477103, -0.024348708908182, 0.1990744437832352]"
6_hour_2,powerlognorm,"[0.2989415064481718, 0.36945522883756016, -0.046802626908996926, 0.13164365864943206]"
6_hour_3,powerlognorm,"[0.2766660142943971, 0.3592597688855398, -0.04332634583853227, 0.12432060573075748]"
6_hour_4,lognorm,"[0.6278781902263315, -0.024129610364422415, 0.19210683572719495]"
6_hour_5,powerlognorm,"[0.24646509988178694, 0.37475759716950363, -0.04973883399548118, 0.13360127726397825]"
6_hour_6,powerlognorm,"[0.20799591013335006, 0.38518021956738574, -0.056614529630585504, 0.14876246850519473]"
6_hour_7,powerlognorm,"[0.2525103503393952, 0.40757365642735427, -0.07376252669775439, 0.1972399260422193]"
6_hour_8,powerlognorm,"[0.2298111523257964, 0.4041046566031766, -0.07315508213230959, 0.19005821243806753]"
6_hour_9,powerlognorm,"[0.19478594290843715, 0.40746317389333153, -0.0638683099678431, 0.16233490402294415]"
6_hour_10,powerlognorm,"[0.19055837932595626, 0.41617779090573503, -0.05771306571556607, 0.14994036271597427]"
6_hour_11,powerlognorm,"[0.1910945111966384, 0.41171605027993247, -0.05923201712380757, 0.1531376503393211]"
6_hour_12,powerlognorm,"[0.19097407683891587, 0.40286864956340085, -0.06341518988868236, 0.16286898521401197]"
6_hour_13,powerlognorm,"[0.19858554567460757, 0.39837178655160976, -0.06452204724120722, 0.16431669146201747]"
6_hour_14,powerlognorm,"[0.21244626155382246, 0.40359372842524566, -0.06506915764678514, 0.1681927098393885]"
6_hour_15,powerlognorm,"[0.23185666614784264, 0.4141316238175705, -0.07075404854896168, 0.18700022405474293]"
6_hour_16,powerlognorm,"[0.23634445401415988, 0.4220374206457582, -0.0769928738411989, 0.2126264899007187]"
6_hour_17,powerlognorm,"[0.5365286680731672, 0.5999352886458438, -0.06153487044848854, 0.3109106358034845]"
6_hour_18,lognorm,"[0.7507256156546254, -0.04667187697087266, 0.4511031147401613]"
6_hour_19,powerlognorm,"[0.42422914916905685, 0.49287365109488673, -0.08618497790705097, 0.31963633466738073]"
6_hour_20,powerlognorm,"[0.438163546905996, 0.4565545611671803, -0.10861302723064453, 0.36606220459150046]"
6_hour_21,lognorm,"[0.6167226189416991, -0.09044621690830698, 0.5348888299521108]"
6_hour_22,lognorm,"[0.7059369153287516, -0.048188694550112605, 0.39792216400681224]"
6_hour_23,powerlognorm,"[0.18115872386895732, 0.36143479762278363, -0.059255116322793656, 0.14633376898541828]"
7_hour_0,powerlognorm,"[0.24513454950506458, 0.3691698186039446, -0.05510817261959608, 0.14872195323990467]"
7_hour_1,powerlognorm,"[0.2824635006412884, 0.36618248895722744, -0.05327548444364986, 0.1467041048440622]"
7_hour_2,powerlognorm,"[0.2914463017982529, 0.3647254354382305, -0.051734239273535786, 0.14400095144361647]"
7_hour_3,powerlognorm,"[0.3054326741196602, 0.35913834554959, -0.051236694105876404, 0.14448632629448166]"
7_hour_4,powerlognorm,"[0.29843055265137075, 0.3609414181212358, -0.05179037153982717, 0.14479059549483086]"
7_hour_5,powerlognorm,"[0.2471612470728603, 0.36823353732614594, -0.05349201962944998, 0.14405025084517595]"
7_hour_6,powerlognorm,"[0.23486410068491037, 0.3837970612231315, -0.06287361366129632, 0.16637054280898117]"
7_hour_7,powerlognorm,"[0.2651251080591, 0.39361129157489605, -0.07875362466850463, 0.20845745989766726]"
7_hour_8,lognorm,"[0.7297757010137529, -0.037796299522305905, 0.33417564269330313]"
7_hour_9,powerlognorm,"[0.2336941431840469, 0.4084728571879447, -0.07012220881134124, 0.1832820309296817]"
7_hour_10,powerlognorm,"[0.21432097668406103, 0.4053633526780175, -0.06499997480712306, 0.16766873334937274]"
7_hour_11,powerlognorm,"[0.22197328158530705, 0.40726943108761415, -0.06656201411343447, 0.1725044428815502]"
7_hour_12,powerlognorm,"[0.2253035688321836, 0.3953663622979252, -0.072203353329058, 0.18639677158590556]"
7_hour_13,powerlognorm,"[0.22769243535340067, 0.3908440151334489, -0.07336279066043852, 0.18596517636083723]"
7_hour_14,powerlognorm,"[0.23874337915404079, 0.3902170535670482, -0.07301428258885506, 0.1881541052779693]"
7_hour_15,lognorm,"[0.7135628622554366, -0.04279308794923345, 0.3403910699916973]"
7_hour_16,powerlognorm,"[0.24046590023954464, 0.40248556729541524, -0.08236574928012932, 0.21855076830504694]"
7_hour_17,powerlognorm,"[0.2478000974586805, 0.4083902208285182, -0.0907344147629056, 0.24663656883688212]"
7_hour_18,powerlognorm,"[0.3082045835741628, 0.4378754683511741, -0.09220518628485126, 0.2815610270046378]"
7_hour_19,powerlognorm,"[0.3028217061419588, 0.40499632951136166, -0.10504836880845606, 0.298272106951715]"
7_hour_20,powerlognorm,"[0.41759184003926836, 0.4316323853263501, -0.11665125263294265, 0.37002398962702465]"
7_hour_21,powerlognorm,"[1.170857482155409, 0.6298015446946241, -0.09084307696800598, 0.5856606847596396]"
7_hour_22,lognorm,"[0.6724058796315929, -0.05605899607129615, 0.41607322511646894]"
7_hour_23,powerlognorm,"[0.20523214715040883, 0.3635831160315279, -0.06644383592501402, 0.16842657024456625]"
8_hour_0,powerlognorm,"[0.2339675179837276, 0.36047734164913015, -0.054296015503033535, 0.14385804337369018]"
8_hour_1,lognorm,"[0.6253391024814898, -0.02896165751936878, 0.21398812811392226]"
8_hour_2,lognorm,"[0.6084945248038676, -0.02911601728997757, 0.2066209627651202]"
8_hour_3,powerlognorm,"[0.29522681919758675, 0.35640792157246914, -0.04940034805333595, 0.1391492796213893]"
8_hour_4,powerlognorm,"[0.28170274659411443, 0.3568017132965801, -0.04887180766897037, 0.13711506018780006]"
8_hour_5,powerlognorm,"[0.23515853584761376, 0.36032897824562543, -0.04994781049552641, 0.1373748341624863]"
8_hour_6,powerlognorm,"[0.23649608293902466, 0.3754322970701499, -0.059866724549041225, 0.16007808956986314]"
8_hour_7,powerlognorm,"[0.2565805617065522, 0.38766429977348577, -0.07419739563822436, 0.19456809896932237]"
8_hour_8,powerlognorm,"[0.22282239124353082, 0.38515383990958796, -0.07423996882491397, 0.18896835685200553]"
8_hour_9,powerlognorm,"[0.21814358341088788, 0.4014087344892129, -0.06942558594841305, 0.17691203887457396]"
8_hour_10,powerlognorm,"[0.20913008060862529, 0.39905327357787085, -0.06785272454766941, 0.168990673811743]"
8_hour_11,lognorm,"[0.7817046556640326, -0.0323852311204791, 0.3123977454707608]"
8_hour_12,powerlognorm,"[0.2015047388049206, 0.3837811872185015, -0.07118619481172736, 0.1766134704218144]"
8_hour_13,powerlognorm,"[0.2106726509759964, 0.3819258704238411, -0.07184035407908607, 0.17746736873698316]"
8_hour_14,lognorm,"[0.7398823911683361, -0.03615870512129375, 0.3117646616813877]"
8_hour_15,powerlognorm,"[0.2350485684416991, 0.39258076567893224, -0.0750780647887897, 0.19168914061288073]"
8_hour_16,powerlognorm,"[0.20376865283993822, 0.38004536278779305, -0.07967932708629928, 0.1990437911149804]"
8_hour_17,powerlognorm,"[0.20003017825694305, 0.37735897217707687, -0.09060489083412107, 0.2235407701888773]"
8_hour_18,lognorm,"[0.7380032287760256, -0.04520771814470652, 0.428144455730768]"
8_hour_19,powerlognorm,"[0.2338627931792706, 0.3679595503981833, -0.11425392862030273, 0.2853786760285007]"
8_hour_20,powerlognorm,"[1.5055844145936073, 0.7207177300220985, -0.07573424858219824, 0.6819578867172147]"
8_hour_21,powerlognorm,"[1.4307403931112148, 0.6911270268130894, -0.07960934493501985, 0.6350527468434511]"
8_hour_22,powerlognorm,"[0.7938491069951901, 0.621787729373122, -0.05997046538688508, 0.35468772796437065]"
8_hour_23,powerlognorm,"[0.19011698189797102, 0.34765628884895583, -0.06765801365049622, 0.16282122917727992]"
9_hour_0,powerlognorm,"[0.2361208543770797, 0.37241038657203873, -0.047592439534400274, 0.12996947120129637]"
9_hour_1,powerlognorm,"[0.28652265444545166, 0.3656687311801205, -0.049809624720380224, 0.1353797454674704]"
9_hour_2,powerlognorm,"[0.42215684965858025, 0.4087476501253259, -0.04534808209820318, 0.14695355556003256]"
9_hour_3,powerlognorm,"[0.31711310885864996, 0.3598704757438185, -0.04934026279156864, 0.13584198938158681]"
9_hour_4,powerlognorm,"[0.2944483812098448, 0.36404862290797374, -0.04838901583042922, 0.1331805319600998]"
9_hour_5,lognorm,"[0.7072335072122813, -0.022626116706772406, 0.21802374890734236]"
9_hour_6,powerlognorm,"[0.20695013798854262, 0.3908825142660407, -0.05539228877195664, 0.15004986848615523]"
9_hour_7,lognorm,"[0.7346860857164094, -0.038200932432971735, 0.33732889173226754]"
9_hour_8,powerlognorm,"[0.37841885913217277, 0.5160201595250784, -0.056006962814209, 0.21182354351013655]"
9_hour_9,powerlognorm,"[0.5274522122744534, 0.6404305466073896, -0.038945209461892866, 0.21905185670602367]"
9_hour_10,lognorm,"[0.8401451092416319, -0.026139659534964815, 0.30259996970207614]"
9_hour_11,powerlognorm,"[0.24743029515089449, 0.4714635389551901, -0.05045782982898023, 0.1557159247187603]"
9_hour_12,powerlognorm,"[0.24346386078758264, 0.4526491613609771, -0.05690820516601615, 0.16604599588758995]"
9_hour_13,lognorm,"[0.8046690282182374, -0.028952580154802232, 0.30663619653814056]"
9_hour_14,powerlognorm,"[0.23532174212526502, 0.42925482225019185, -0.06055109746837234, 0.16629401660205007]"
9_hour_15,powerlognorm,"[0.3220842986061388, 0.4896749596589145, -0.0581450258792478, 0.19681842776665617]"
9_hour_16,lognorm,"[0.8009904390422722, -0.03393701086789441, 0.37712667761666185]"
9_hour_17,lognorm,"[0.784223543270633, -0.04405729151358996, 0.44659087943325126]"
9_hour_18,powerlognorm,"[11.174458300607192, 1.456769879513414, -0.01978974274316892, 4.818300024716544]"
9_hour_19,powerlognorm,"[9.2411356414527, 1.2801038796277342, -0.03589928047459694, 3.657850547031403]"
9_hour_20,powerlognorm,"[0.01850505395570514, 0.06978357307250099, -0.554000634717239, 0.5992449426767995]"
9_hour_21,powerlognorm,"[2.0526627198248635, 0.7817149699602925, -0.07555517572434513, 0.824121427093828]"
9_hour_22,lognorm,"[0.7057668303323293, -0.050142097869192534, 0.3851546601718303]"
9_hour_23,lognorm,"[0.75302445336741, -0.024935252714372618, 0.26108940860312707]"
10_hour_0,powerlognorm,"[0.22305570049271234, 0.3757285878284098, -0.04892990450560908, 0.13009331174388736]"
10_hour_1,powerlognorm,"[0.26840105499556816, 0.3664932044610839, -0.049500857541394216, 0.13245021444348803]"
10_hour_2,powerlognorm,"[0.2952684622115753, 0.3618290353941016, -0.04953047927987897, 0.13424777431331317]"
10_hour_3,powerlognorm,"[0.2905557748186849, 0.3612342998946001, -0.04639953527461701, 0.12951775393423137]"
10_hour_4,powerlognorm,"[0.2689595838439011, 0.3650394066138243, -0.04689874682603368, 0.12796194665987792]"
10_hour_5,powerlognorm,"[0.20086402106405554, 0.37058305143680387, -0.045415173988264265, 0.12343725139978963]"
10_hour_6,powerlognorm,"[0.19615875971141933, 0.3909345616412223, -0.05669216302656273, 0.1552196257055346]"
10_hour_7,powerlognorm,"[0.2834312333382444, 0.4326419613013634, -0.0754131463197529, 0.2266063170109158]"
10_hour_8,powerlognorm,"[0.24647657528614114, 0.42552679808710137, -0.07159297448465857, 0.20767311588406379]"
10_hour_9,powerlognorm,"[0.40642948575271964, 0.5893777577369905, -0.0429654313860019, 0.20813984867555785]"
10_hour_10,powerlognorm,"[0.38402556076830197, 0.5956540329415292, -0.03828098672841518, 0.18615639562971514]"
10_hour_11,lognorm,"[0.8751308973483858, -0.022199209250136465, 0.31516716971218706]"
10_hour_12,lognorm,"[0.8499556116827518, -0.026261205953446224, 0.32754703831949494]"
10_hour_13,lognorm,"[0.8371476274031736, -0.0269762263542127, 0.3250901460727965]"
10_hour_14,powerlognorm,"[0.23320396937276544, 0.4482495518674843, -0.057369977446882756, 0.16857986137304498]"
10_hour_15,powerlognorm,"[0.48951969768227027, 0.6063246460910524, -0.04797385827367549, 0.24160215769621093]"
10_hour_16,lognorm,"[0.7965284764183851, -0.03940726568089408, 0.430056964622451]"
10_hour_17,powerlognorm,"[17.86580181439671, 1.6262331165340131, -0.016307848703536677, 9.701836376325046]"
10_hour_18,powerlognorm,"[47.595183258042, 1.7613123669763722, -0.021501729010001736, 30.19307064168311]"
10_hour_19,powerlognorm,"[0.013222790142466363, 0.06066685225397157, -0.6482894779338881, 0.6834416279809695]"
10_hour_20,lognorm,"[0.5669798224237848, -0.14518988139032896, 0.7013322002028557]"
10_hour_21,powerlognorm,"[2.3768680575879024, 0.7929446656188477, -0.08398809562966955, 0.9908452036216171]"
10_hour_22,lognorm,"[0.6864094324960199, -0.06417715720921618, 0.44284269791118847]"
10_hour_23,powerlognorm,"[0.11831004154279216, 0.30003665600651624, -0.07413672514804306, 0.14599402326084385]"
11_hour_0,powerlognorm,"[0.20545530585221589, 0.4144785032545584, -0.05440071843558432, 0.14522521558535267]"
11_hour_1,powerlognorm,"[0.20350996891976642, 0.38517644924059047, -0.045207911384914194, 0.1196397268723325]"
11_hour_2,powerlognorm,"[0.24213348032167947, 0.3799028112021397, -0.044763150090214705, 0.11996296737210176]"
11_hour_3,lognorm,"[0.6664580637670054, -0.02407113362400747, 0.19191866721350198]"
11_hour_4,powerlognorm,"[0.25067056835129553, 0.3734911134635449, -0.041786256089655555, 0.11643836926647312]"
11_hour_5,powerlognorm,"[0.23377601391213235, 0.3808255069595501, -0.04337998108183249, 0.11755802496393827]"
11_hour_6,lognorm,"[0.7700996038840923, -0.02221159532801395, 0.2433954486484533]"
11_hour_7,powerlognorm,"[0.19707119455042985, 0.4040571860973473, -0.062318167564156965, 0.1726277562526354]"
11_hour_8,powerlognorm,"[0.2676342284061657, 0.42341421458264206, -0.08782123831477669, 0.24933887031927848]"
11_hour_9,powerlognorm,"[0.220917498057309, 0.4191115435329227, -0.07722005616037922, 0.21207987673583228]"
11_hour_10,lognorm,"[0.8522912936251645, -0.030342365759474306, 0.3645527369142316]"
11_hour_11,powerlognorm,"[0.5317191242142625, 0.7026006857754885, -0.034179393171786136, 0.2252184161188806]"
11_hour_12,powerlognorm,"[0.898074419796744, 0.859800760024203, -0.025318174523190816, 0.31116191415171235]"
11_hour_13,powerlognorm,"[0.8128290094276467, 0.8088072959021511, -0.031407363417455925, 0.310476397646676]"
11_hour_14,powerlognorm,"[0.5872537959210257, 0.698265315422819, -0.03806088299820137, 0.25406727420945174]"
11_hour_15,powerlognorm,"[0.5768352416091853, 0.6786901027843228, -0.04138250993573939, 0.26157201665883695]"
11_hour_16,lognorm,"[0.7805281816051541, -0.05359065812417206, 0.4785954090774214]"
11_hour_17,lognorm,"[0.690339891836221, -0.11185576581843876, 0.6955794303983059]"
11_hour_18,lognorm,"[0.6369951449960669, -0.15386758079649132, 0.8258885378110101]"
11_hour_19,lognorm,"[0.6092526323047651, -0.16175103979644426, 0.8329887253573531]"
11_hour_20,lognorm,"[0.5931263617367003, -0.15181493208635455, 0.7785284921778819]"
11_hour_21,lognorm,"[0.566796402367228, -0.15062011593443758, 0.742093216234915]"
11_hour_22,lognorm,"[0.5913625697757723, -0.12310812067806681, 0.647080665156678]"
11_hour_23,powerlognorm,"[0.012389049860169393, 0.07904201213141007, -0.270068593713517, 0.29074228208363506]"
12_hour_0,powerlognorm,"[0.7673764761315502, 0.77785912764312, -0.028698417483250173, 0.2554571165493986]"
12_hour_1,powerlognorm,"[0.17654161594097476, 0.39496914251994175, -0.04430372485785474, 0.11372145205343893]"
12_hour_2,powerlognorm,"[0.20438942998300333, 0.3866799222195083, -0.04178941472516136, 0.11025059765851097]"
12_hour_3,powerlognorm,"[0.229711158463919, 0.3849563998741079, -0.04284050605615774, 0.1134998281612213]"
12_hour_4,powerlognorm,"[0.2263685427193651, 0.3845851554057456, -0.04065981426985789, 0.11034556772514828]"
12_hour_5,powerlognorm,"[0.2111153139477719, 0.38603839281743774, -0.04176420334019573, 0.11079873616984903]"
12_hour_6,powerlognorm,"[0.20954829314930212, 0.4026434046079479, -0.049135549706770476, 0.13056996602592746]"
12_hour_7,powerlognorm,"[0.19187567007825027, 0.40424958131395683, -0.06188330867190439, 0.16826622028390598]"
12_hour_8,powerlognorm,"[0.23493276459619683, 0.4192807343661549, -0.08810126521569697, 0.24082845720728724]"
12_hour_9,powerlognorm,"[0.267669669739781, 0.467000201765561, -0.08007739020361904, 0.24217483552399965]"
12_hour_10,lognorm,"[0.870388933904778, -0.033750042962725345, 0.4106775088342306]"
12_hour_11,lognorm,"[0.9186378054114855, -0.02803500889051537, 0.3889200362334766]"
12_hour_12,lognorm,"[0.9282369521392628, -0.02696790905897143, 0.38709527752177986]"
12_hour_13,lognorm,"[0.9108044580520942, -0.029913973393513427, 0.40292465346652806]"
12_hour_14,lognorm,"[0.903366506742578, -0.03056540108834814, 0.4006226406291723]"
12_hour_15,lognorm,"[0.8777650594236082, -0.035985383066289775, 0.42493344135023847]"
12_hour_16,lognorm,"[0.7945315855808865, -0.06610308515540902, 0.5615405521618136]"
12_hour_17,powerlognorm,"[25.144804920450134, 1.70850180024045, -0.029336895447575354, 18.09383295480304]"
12_hour_18,lognorm,"[0.6639575661929042, -0.15466376077080898, 0.8561301831169156]"
12_hour_19,lognorm,"[0.6376248496300617, -0.16312772055577412, 0.860960419294325]"
12_hour_20,lognorm,"[0.6147547680650904, -0.1588378695139097, 0.8166544161550019]"
12_hour_21,powerlognorm,"[0.9907174905233855, 0.5903652319490102, -0.15791419386507774, 0.7773084128477155]"
12_hour_22,lognorm,"[0.6094331624937062, -0.13291009813181884, 0.6892344983858082]"
12_hour_23,powerlognorm,"[7.507545636192455, 1.3669320291046858, -0.023576044678677063, 2.8237408851066066]"
